-- Demo seed data for local development and early UI work

insert into public.users (id, telegram_id, role, full_name)
values
  ('11111111-1111-1111-1111-111111111111', 100000001, 'admin', 'Main Admin'),
  ('22222222-2222-2222-2222-222222222221', 100000101, 'seller', 'John Seller'),
  ('22222222-2222-2222-2222-222222222222', 100000102, 'seller', 'Anna Seller'),
  ('22222222-2222-2222-2222-222222222223', 100000103, 'seller', 'Mike Seller')
on conflict (telegram_id) do update
set
  role = excluded.role,
  full_name = excluded.full_name,
  is_active = true;

insert into public.stores (id, name, address)
values
  ('33333333-3333-3333-3333-333333333331', 'Central Mall Store', 'Rua Augusta 275, Lisboa'),
  ('33333333-3333-3333-3333-333333333332', 'North Point Store', 'Avenida da Boavista 412, Porto'),
  ('33333333-3333-3333-3333-333333333333', 'Riverside Store', 'Largo do Toural 9, Guimaraes')
on conflict (id) do update
set
  name = excluded.name,
  address = excluded.address,
  is_active = true;

insert into public.products (id, name, sku, default_price)
values
  ('44444444-4444-4444-4444-444444444401', 'CBD Relax Oil 10%', 'CBD-OIL-10', 29.90),
  ('44444444-4444-4444-4444-444444444402', 'CBD Sleep Oil 15%', 'CBD-SLEEP-15', 39.90),
  ('44444444-4444-4444-4444-444444444403', 'CBD Gummies Berry', 'CBD-GUM-BER', 24.90),
  ('44444444-4444-4444-4444-444444444404', 'CBD Recovery Balm 750mg', 'CBD-BALM-750', 34.90),
  ('44444444-4444-4444-4444-444444444405', 'CBD Vape Cartridge Mint', 'CBD-VAPE-MNT', 44.90),
  ('44444444-4444-4444-4444-444444444406', 'CBD Capsules 25mg', 'CBD-CAPS-25', 31.90),
  ('44444444-4444-4444-4444-444444444407', 'CBD Pet Oil 5%', 'CBD-PET-5', 27.90)
on conflict (sku) do update
set
  name = excluded.name,
  default_price = excluded.default_price,
  is_active = true;

update public.user_store_assignments
set
  is_current = false,
  ended_at = coalesce(ended_at, now())
where user_id in (
  '22222222-2222-2222-2222-222222222221',
  '22222222-2222-2222-2222-222222222222',
  '22222222-2222-2222-2222-222222222223'
)
  and is_current = true;

insert into public.user_store_assignments (
  id,
  user_id,
  store_id,
  assigned_by,
  started_at,
  ended_at,
  is_current
)
values
  (
    '55555555-5555-5555-5555-555555555551',
    '22222222-2222-2222-2222-222222222221',
    '33333333-3333-3333-3333-333333333331',
    '11111111-1111-1111-1111-111111111111',
    now(),
    null,
    true
  ),
  (
    '55555555-5555-5555-5555-555555555552',
    '22222222-2222-2222-2222-222222222222',
    '33333333-3333-3333-3333-333333333332',
    '11111111-1111-1111-1111-111111111111',
    now(),
    null,
    true
  ),
  (
    '55555555-5555-5555-5555-555555555553',
    '22222222-2222-2222-2222-222222222223',
    '33333333-3333-3333-3333-333333333333',
    '11111111-1111-1111-1111-111111111111',
    now(),
    null,
    true
  )
on conflict (id) do update
set
  store_id = excluded.store_id,
  assigned_by = excluded.assigned_by,
  started_at = excluded.started_at,
  ended_at = excluded.ended_at,
  is_current = excluded.is_current;

insert into public.store_products (store_id, product_id, price, is_enabled)
values
  ('33333333-3333-3333-3333-333333333331', '44444444-4444-4444-4444-444444444401', 29.90, true),
  ('33333333-3333-3333-3333-333333333331', '44444444-4444-4444-4444-444444444402', 39.90, true),
  ('33333333-3333-3333-3333-333333333331', '44444444-4444-4444-4444-444444444403', 24.90, true),
  ('33333333-3333-3333-3333-333333333331', '44444444-4444-4444-4444-444444444404', 34.90, true),
  ('33333333-3333-3333-3333-333333333331', '44444444-4444-4444-4444-444444444405', 44.90, true),
  ('33333333-3333-3333-3333-333333333331', '44444444-4444-4444-4444-444444444406', 31.90, true),
  ('33333333-3333-3333-3333-333333333331', '44444444-4444-4444-4444-444444444407', 27.90, true),
  ('33333333-3333-3333-3333-333333333332', '44444444-4444-4444-4444-444444444401', 31.90, true),
  ('33333333-3333-3333-3333-333333333332', '44444444-4444-4444-4444-444444444402', 41.90, true),
  ('33333333-3333-3333-3333-333333333332', '44444444-4444-4444-4444-444444444403', 26.90, true),
  ('33333333-3333-3333-3333-333333333332', '44444444-4444-4444-4444-444444444404', 35.90, true),
  ('33333333-3333-3333-3333-333333333332', '44444444-4444-4444-4444-444444444405', 46.90, true),
  ('33333333-3333-3333-3333-333333333332', '44444444-4444-4444-4444-444444444406', 33.90, true),
  ('33333333-3333-3333-3333-333333333332', '44444444-4444-4444-4444-444444444407', 29.90, true),
  ('33333333-3333-3333-3333-333333333333', '44444444-4444-4444-4444-444444444401', 30.90, true),
  ('33333333-3333-3333-3333-333333333333', '44444444-4444-4444-4444-444444444402', 40.90, true),
  ('33333333-3333-3333-3333-333333333333', '44444444-4444-4444-4444-444444444403', 25.90, true),
  ('33333333-3333-3333-3333-333333333333', '44444444-4444-4444-4444-444444444404', 36.90, true),
  ('33333333-3333-3333-3333-333333333333', '44444444-4444-4444-4444-444444444405', 45.90, true),
  ('33333333-3333-3333-3333-333333333333', '44444444-4444-4444-4444-444444444406', 32.90, true),
  ('33333333-3333-3333-3333-333333333333', '44444444-4444-4444-4444-444444444407', 28.90, true)
on conflict (store_id, product_id) do update
set
  price = excluded.price,
  is_enabled = excluded.is_enabled,
  updated_at = now();

insert into public.inventory (store_id, product_id, quantity)
values
  ('33333333-3333-3333-3333-333333333331', '44444444-4444-4444-4444-444444444401', 24),
  ('33333333-3333-3333-3333-333333333331', '44444444-4444-4444-4444-444444444402', 16),
  ('33333333-3333-3333-3333-333333333331', '44444444-4444-4444-4444-444444444403', 32),
  ('33333333-3333-3333-3333-333333333331', '44444444-4444-4444-4444-444444444404', 18),
  ('33333333-3333-3333-3333-333333333331', '44444444-4444-4444-4444-444444444405', 12),
  ('33333333-3333-3333-3333-333333333331', '44444444-4444-4444-4444-444444444406', 20),
  ('33333333-3333-3333-3333-333333333331', '44444444-4444-4444-4444-444444444407', 14),
  ('33333333-3333-3333-3333-333333333332', '44444444-4444-4444-4444-444444444401', 19),
  ('33333333-3333-3333-3333-333333333332', '44444444-4444-4444-4444-444444444402', 14),
  ('33333333-3333-3333-3333-333333333332', '44444444-4444-4444-4444-444444444403', 26),
  ('33333333-3333-3333-3333-333333333332', '44444444-4444-4444-4444-444444444404', 15),
  ('33333333-3333-3333-3333-333333333332', '44444444-4444-4444-4444-444444444405', 9),
  ('33333333-3333-3333-3333-333333333332', '44444444-4444-4444-4444-444444444406', 18),
  ('33333333-3333-3333-3333-333333333332', '44444444-4444-4444-4444-444444444407', 11),
  ('33333333-3333-3333-3333-333333333333', '44444444-4444-4444-4444-444444444401', 21),
  ('33333333-3333-3333-3333-333333333333', '44444444-4444-4444-4444-444444444402', 17),
  ('33333333-3333-3333-3333-333333333333', '44444444-4444-4444-4444-444444444403', 29),
  ('33333333-3333-3333-3333-333333333333', '44444444-4444-4444-4444-444444444404', 16),
  ('33333333-3333-3333-3333-333333333333', '44444444-4444-4444-4444-444444444405', 10),
  ('33333333-3333-3333-3333-333333333333', '44444444-4444-4444-4444-444444444406', 19),
  ('33333333-3333-3333-3333-333333333333', '44444444-4444-4444-4444-444444444407', 13)
on conflict (store_id, product_id) do update
set
  quantity = excluded.quantity,
  updated_at = now();

insert into public.inventory_movements (
  store_id,
  product_id,
  movement_type,
  quantity_delta,
  balance_after,
  reason,
  actor_user_id
)
select
  i.store_id,
  i.product_id,
  'restock',
  i.quantity,
  i.quantity,
  'Initial seed stock',
  '11111111-1111-1111-1111-111111111111'
from public.inventory i
where not exists (
  select 1
  from public.inventory_movements im
  where im.store_id = i.store_id
    and im.product_id = i.product_id
    and im.reason = 'Initial seed stock'
);
